customer_id,name,email,phone,gender,age,city,state,signup_date
a159097f-26e4-4d1e-9ff4-c7f753348d9f,Kimberly Perry,woodgabriel@taylor-grimes.net,+1-195-063-0571x479,Male,26,West Caleb,Rhode Island,2024-03-21
612bb090-0b52-43a1-8ab2-827fe5a6dc1f,Michelle Day,michelle67@hotmail.com,001-233-993-3633x757,Male,56,New David,Illinois,2025-08-01
f1e76a74-96de-48f1-9ff0-5abc7ed55438,Adam Jones,lewisamber@hotmail.com,(338)207-7753,Male,19,Knightfurt,Minnesota,2025-08-03
e97fbd2c-8c65-4a0e-a982-17377081a298,Frank Wilkins,melaniesilva@garner.biz,(891)613-9233x77887,Female,46,East Robin,South Carolina,2025-07-17
364d4c8f-7123-475d-8263-8cc4ba9cb058,Ashley Duncan,laura17@yahoo.com,059-176-3731x09161,Male,36,Lake Brian,Arizona,2024-05-26
8a57b55c-2eac-40cb-8678-060f232d5a7b,Leslie Mcdaniel,brittney76@owens.biz,985-091-0078x1198,Female,27,West Traciefurt,Wyoming,2024-09-05
b2edaee6-4921-4ed3-b8d5-3ed3d9f8559e,David Cruz,kelseywarner@bird-byrd.info,886.697.3483x9790,Male,37,New Tammy,Delaware,2025-03-05
5ed02a43-345b-4537-9fac-5713e29e2157,Sarah Summers,lkim@gmail.com,956.244.1160x823,Female,52,West Jeremiahton,Colorado,2025-02-07
be4de40f-0599-421e-a980-a3266cc89a9f,Emily Sandoval,rachel95@gmail.com,001-747-123-8913x43699,Male,29,Kingfurt,Utah,2025-11-01
50ec244a-7917-49e7-a28d-b3df2a0eca99,Zachary Hardy,hmason@yahoo.com,2570575378,Female,44,Reneebury,Pennsylvania,2024-03-14
1029c408-4271-4c60-b262-c2d3e42c1ed6,John Schneider,christophersmith@gmail.com,519.981.3404x922,Female,26,East Abigailport,Rhode Island,2025-07-02
7298bef2-f9db-4f06-a498-4f2424ad21b2,Eric Ruiz,millerann@jones-johnson.com,948.519.8344,Female,54,Tylerstad,Minnesota,2025-03-27
9c5be33c-1a3f-4b36-88c1-0bcdfeeef5d1,Justin Day,brookslaura@white.com,754-196-9749x25001,Male,22,New Meredithmouth,Wisconsin,2024-06-22
f4c74b62-c59b-470f-ba02-77b7d0a79503,Sydney Hoffman,elliottdarlene@gibson.info,(715)784-3207,Male,33,Bakertown,North Dakota,2023-12-09
7c3a8fed-b92d-456c-857b-2f077fd46000,Jill Brown,christopher36@hotmail.com,290.376.0143x1279,Male,32,South Vanessa,Mississippi,2025-02-24
3148b58f-982e-4999-8e46-6ce8611281b7,Isabella Thomas,danielleflores@smith.org,920-450-6285,Male,43,South Jason,Nebraska,2025-01-07
8e323f9b-64a8-493e-a31e-5e549c1bccd9,Nathaniel Bradley,sblair@holt.org,001-917-623-0091x6866,Female,26,Port Russell,Hawaii,2025-06-11
c99300c2-69c6-460d-b12a-716483e22466,David Barber,brian05@hotmail.com,+1-279-446-8043x1219,Female,53,East Tonya,Wisconsin,2024-12-24
9f456f09-c322-407c-82f8-3bdb01a0e061,Veronica Le,nathangoodman@terry-hunter.net,956.532.7852,Female,29,Stephensonton,North Dakota,2024-11-08
9c5d3458-c961-4967-af81-165dc0527a3b,Taylor Galvan,melanielee@yahoo.com,(253)877-0316,Female,44,South Ashleyport,Indiana,2024-09-28
543f9554-afb7-47ec-b205-1db19dc0f72f,Anthony Cox,leahhoward@yahoo.com,686-407-8232,Male,27,North Patrickfort,New Jersey,2025-01-25
3b5a1c6a-a12a-4f2b-892d-71d08e30444e,Annette Burns,karenwheeler@mitchell.com,+1-966-849-5800x14206,Female,38,Port Maria,West Virginia,2025-10-09
dd9f4380-0aa5-43e9-9c5f-e62d984785cc,James Bell,charleswalker@hotmail.com,907-137-2012x9704,Female,39,Jamesview,Ohio,2024-02-10
e924428a-0080-444e-bd26-bbfb2932c985,Rachael Williams,hernandezlindsay@gmail.com,001-389-704-9794x55047,Female,59,New Deniseborough,Alabama,2024-01-25
971b8b94-ae18-4d0d-b781-c3e45e33c9dc,Michael Hughes,meagancopeland@peters-goodwin.biz,629.488.7511x847,Male,35,West Christopherhaven,Tennessee,2024-02-07
0ec8825c-1261-4116-8fe5-d5a56d1f1199,Shane Parker,inash@hotmail.com,+1-566-110-8958x720,Male,47,Lake Xavier,Iowa,2024-09-07
1792be60-bcc5-4ee0-b03f-973b55ecbc43,Mrs. Tammy Collins DDS,brandy72@mueller.info,+1-091-829-9281x2951,Female,28,South Annbury,South Dakota,2023-12-06
9f11b3ce-df51-44bc-ace2-3129cb6c0456,Melissa Owen,faithwade@bass-whitney.com,195.804.3506,Male,59,Lake Kyle,Wyoming,2025-06-13
941c1db4-f9e5-499a-b7ee-bd324726b6ef,Victoria Huber,antonio95@smith.com,340-920-1597,Male,54,Kellyhaven,Ohio,2025-05-26
b895ac2d-6670-4570-b9aa-4d326ed1fcf9,Mrs. Laura Burke,yateschristian@orozco-gaines.org,849.572.3028x9556,Female,34,Christopherview,Alabama,2024-06-08
6c3cbde6-0163-4a36-b336-77ba853b5506,Brandon Gibson,gtucker@gmail.com,686.314.4374,Female,35,Lake Jeffrey,California,2025-05-13
2e1b53a1-0514-46af-a74b-61a34da093d0,Kimberly Weber,thomas85@yahoo.com,+1-710-064-0994x127,Female,47,Westbury,West Virginia,2023-12-29
6c08cae2-2b3d-453e-b2a2-7fdfa2dce122,Christopher Wilkerson,mcarter@hotmail.com,(971)413-8093,Female,42,North Alexandra,Oregon,2024-04-04
e7804b6e-ec7f-45a6-8ec6-9cb13bc1d8a9,Anthony Davis,camachoaaron@hotmail.com,985.097.5679,Male,24,Stephaniehaven,Rhode Island,2025-02-06
259a06ea-6dc7-44a4-b996-ab9ed2b72f32,Noah Griffin,ymack@hotmail.com,869.078.2233x91496,Male,52,East Jessicaton,Mississippi,2025-05-18
c267954e-88f8-4d3e-84f1-c7c5528ef3c2,Christina Cunningham,zacharycolon@rodriguez.com,085.605.5402,Male,58,Henryport,Kansas,2025-01-19
6da3d45f-dabe-401b-8172-4dbba401b080,Justin Evans,skinnerdawn@hall-dunn.com,(166)590-1310,Male,55,Port Loretta,South Dakota,2024-11-28
071c36a9-463c-4185-a124-73b3fd4377f8,Ariana Salinas,steven83@hotmail.com,(480)250-1426x00525,Male,34,Millershire,Virginia,2025-06-14
c49d62d9-38aa-4e63-9dad-d586f911f3c2,George Gonzales,cfisher@guzman.org,+1-515-931-0930,Male,44,North Laurie,North Carolina,2025-01-17
00338233-50b5-4c85-992e-68257829c781,Gary Le,orobinson@jones-mcknight.org,0509701024,Female,47,Ashleymouth,Tennessee,2025-03-25
65d038ab-7a4a-44ef-bf54-1a6de0e5b745,Gregory Frank,lgomez@yahoo.com,286-285-0295x3216,Male,53,North Danielburgh,Illinois,2024-12-25
e8d295e0-398a-4cf4-a5cb-a8998f899741,Tammy Caldwell,ograham@johnson-jenkins.com,001-071-463-5042x34821,Male,47,Mcdonaldport,Maine,2025-03-17
4c6809cd-7906-4df7-ac1f-898ed8a4bbe3,Edward Gallagher,brian61@yahoo.com,290-284-4012,Male,42,West Eddieberg,Arkansas,2025-09-13
15e1bfe4-839e-457b-b4bb-58e2efb4d3f7,David Johnson,travis41@wong.com,+1-825-280-1420,Male,18,Donnafort,New Mexico,2025-04-17
eaf162f5-ca2e-4387-a7e6-ca8413c140f2,Michael Thomas,taylorallison@thompson-dawson.com,001-815-774-3880x695,Male,27,Dawnville,Kansas,2025-06-17
21e9dea3-620f-4251-9c0d-ad0518e0494d,Kendra Coleman,emarsh@hotmail.com,(106)125-3640,Female,31,New Cindy,Alaska,2025-06-23
8589d94b-82f2-4af7-9314-c84ab13447be,Christopher Harris,derekbrown@patterson.org,838.659.1474,Male,38,Lake Jenniferville,Maryland,2025-10-25
dfcd0afd-3291-41a1-b467-0841b07b343e,Kimberly Howard,kayleesteele@turner.org,248-714-8910,Female,40,South Jamie,Texas,2024-03-28
0720e8c0-9773-483f-b451-92ec2682e02a,Charles Levy,justin48@yahoo.com,(051)893-6557x8351,Male,37,Johnstad,Illinois,2025-03-23
e5e8ceed-aaa4-4756-a0e2-dee07ea83d97,Richard Miller,knightheather@warren.biz,+1-697-494-2987x60115,Male,44,Sandersland,Wisconsin,2025-10-06
e94eff49-2e30-45ea-994c-9cae2ec4f1e0,Michael Thomas,joannhahn@hotmail.com,(140)174-2416x1292,Female,29,Boltonberg,North Dakota,2024-03-28
5609daf7-663c-4041-a2aa-44e1ef42f44a,Gregory Rogers,torreskathryn@hotmail.com,+1-680-509-0548,Male,32,Murphyhaven,Tennessee,2025-07-15
d01b4fea-d49a-443b-afc5-f1f4241a35b6,Randy Parker,sarah66@gmail.com,(715)986-3162x705,Female,31,South Jason,Georgia,2024-12-19
6adb17b4-e26c-4c50-bd16-c972c070a5da,Andrew Everett,robert49@thompson-bentley.com,001-754-757-6588x8614,Female,47,Pamelaborough,Connecticut,2024-09-10
9640e0c4-78cb-4c89-9c56-678d3f6e4929,Brad Parker,janetortiz@gmail.com,342.677.7944x9552,Male,24,North Sandrachester,Massachusetts,2024-03-11
a563d6fd-354c-46ef-9524-d8347e7ad6ed,Paul Norris,baileymarshall@yahoo.com,798-312-8303,Female,31,Gainesshire,North Carolina,2024-09-24
6ceedbb9-ab69-4837-a9f1-e5c98899bf54,Alyssa Garcia,monica33@kim.org,8321500529,Female,50,East Carolineside,New Jersey,2024-04-07
9fc2e640-ac55-4184-b99e-41eacecaeba3,Christopher White,timothy56@yahoo.com,(972)748-2439x022,Female,41,North Christopherfort,Mississippi,2025-07-11
2f23b802-5bfa-4d6f-88dc-8a0ebfa8dcbf,Allison Garza,martha81@clark.com,3138372416,Female,27,East Alexander,Missouri,2024-02-25
638b60db-bc77-489a-b8ab-c4b112ea04cf,Rachel Reed,lanceflores@berry.info,823.802.9886x8860,Female,39,East Johnberg,Tennessee,2024-01-13
3547c440-dcb9-4211-a56a-362bed749b93,Diana Mcfarland,stephanie70@gmail.com,836-097-2558,Male,25,Mariashire,South Carolina,2025-10-30
1ecd9809-0b2f-4363-b94c-7b1555b7cbc5,Deborah Perez,jonestimothy@gmail.com,+1-266-090-1918x91176,Female,34,Justinberg,Missouri,2025-03-25
9fcaffd2-a76f-42dd-80c3-e52b9431cae7,Mr. Kenneth Hutchinson,jonathansandoval@beck.com,+1-586-792-5059,Male,46,Sarafort,South Dakota,2025-01-04
f7abca51-e4e2-403a-bd5e-b9006609fd8e,Nathan Reed,andrea69@baird.com,(554)040-5053,Male,43,Hernandezport,Maine,2025-03-10
513d5699-0965-4f07-be7d-4c7472a41568,David Williams,reginald95@carpenter.com,(651)459-1666x74509,Female,41,Port Janetchester,Maine,2025-05-29
a83dd71f-1f63-4687-a0d4-0ba11d21c59b,Robert Rose,whiteconnie@welch.info,(167)167-6979x91937,Female,20,Yvonneburgh,Vermont,2025-01-16
5000c70a-7a51-4c56-9b96-9bb6809a8d95,Brenda Nguyen,michaelgoodwin@price.com,272-810-1008,Female,54,East Crystalburgh,South Carolina,2024-11-02
66b9272f-1ca0-410b-8b5b-eea89d3ba148,Jennifer Washington,mosleydennis@yahoo.com,(435)713-2341x84103,Female,41,Lake Michael,Missouri,2024-03-19
a81cdc98-7037-46d6-b820-68629038ad0f,David Alvarado,cookechristopher@gmail.com,+1-954-706-6791,Female,44,Willieland,Arkansas,2024-03-19
5acd1ef2-a42c-4207-b63f-8fb85cb75910,Jaime Johnson,khernandez@solomon.info,873.844.9185x501,Male,32,Carolynmouth,Alaska,2024-03-08
441f530f-dff5-4a8f-ae3b-a3fc352284bb,Thomas Anderson,tcruz@david.org,(244)362-8441,Male,53,New Debbie,Alaska,2025-03-13
13e6e608-6b32-4945-9e05-abe7bbc7f560,Jennifer Valentine,brownnicole@erickson.com,(739)412-7084x3276,Male,43,North Dorothy,Pennsylvania,2025-06-02
2204226b-3ef3-462e-8f25-1cf0118c1d6a,Kimberly Jones,bushamanda@gross.com,066-555-7245x10121,Male,21,West Tim,Alaska,2025-11-03
5133aed4-5269-4a88-886c-0e7851c5e33e,Aaron Moore,vmartinez@hotmail.com,+1-806-258-1435x654,Male,41,Kathleenshire,Iowa,2024-06-25
2e681ab1-cda4-45b1-87ea-e2012b03d5aa,Anthony Cruz,colejames@alvarez-zavala.org,(575)443-0663x2969,Male,51,South Dawn,Michigan,2025-01-09
113fb4bf-857d-4db8-8d3b-4c0ec72232c8,Jessica Mcclain,scott10@burke.biz,+1-719-641-0694x664,Female,29,Rebeccachester,Alaska,2025-11-04
8d17c12a-4dde-40a2-9414-275167e36037,Madison Kaiser,rbrown@yahoo.com,+1-027-280-3538x4347,Male,36,Port Eric,Missouri,2024-06-13
3107f641-d099-4949-8679-34a6a92c1ad1,Christopher Aguilar,scottjacobs@williams-mendoza.com,699-687-8451x55556,Female,48,North Heather,Maryland,2025-04-28
b54320f1-20f0-47d9-a48b-5a669dbd36fe,Brian Price,steven05@gmail.com,(580)719-8855,Male,31,North Jameston,Massachusetts,2025-02-05
c351d300-512e-4d7b-b4cb-ee3ada7d2ad6,Holly Mckenzie,debra42@lewis.com,332-212-3617x69729,Female,29,Hesterview,Indiana,2024-07-23
cd3469be-261f-4800-a3c0-580706666306,Jennifer Leonard,hjimenez@davis-warren.org,(711)803-1905,Female,56,North Jeremiah,Massachusetts,2024-01-09
897df992-750f-4ef1-b19a-b64b0f625977,Victoria Marshall,esmith@smith.info,037-374-3790,Female,22,Lake Jacquelinestad,Minnesota,2025-02-28
e1d28949-d64d-493f-bb48-22cb32cf5295,Mr. Philip Frank,daviddeleon@gmail.com,+1-535-327-1321x1237,Male,48,Brownfurt,New York,2024-11-15
72d1806a-ce3f-4f58-af05-555bcf07d8fb,Steven Shaffer,kathleencannon@walters.com,785-981-9583,Female,31,Emilychester,Vermont,2024-04-26
35a5fb65-7d96-4a7d-815e-8ba3b564d898,Dr. Daniel Morris,randy31@gmail.com,0913532257,Female,49,Port Bill,Minnesota,2025-01-25
8edab34f-2277-41a9-99c5-4b3c920a01cf,Robert Davis,brittanythomas@hunter-pruitt.com,935.534.5031x387,Female,54,Lake Angel,Maine,2024-05-01
e570fd8e-6ef8-4bd1-9616-c94056598447,John Parrish,douglasmary@acosta.com,+1-888-735-1619,Female,54,Doughertyfurt,Hawaii,2024-03-21
9da1a0e1-5d9a-4a52-a1b8-4d4ca376c6ee,Joshua Allen,mwarner@hotmail.com,343.793.0201x421,Male,54,South Crystal,Rhode Island,2024-11-11
96f12964-b7e2-456c-9437-2481d44841b8,Ashley Raymond,brian14@hotmail.com,193-833-2374,Female,22,Dillonberg,Mississippi,2025-05-02
33a63fcb-0e88-4c9a-9343-f8ccf131bddf,John Cannon,sschultz@armstrong.net,001-927-666-8621,Male,26,Kyleside,California,2024-09-30
2c670f6c-f338-440d-bbca-9df839ccd8ba,Benjamin Obrien,zdennis@yahoo.com,(259)800-4831x527,Male,45,New Allison,Alabama,2025-10-10
f90d9df8-8d99-4cf2-b827-688550f599f3,Nathan Cook,gkaufman@eaton-crane.com,005-342-2727x64898,Female,30,North Arthurland,Delaware,2024-02-05
fd424681-4575-4354-be21-130272aab5ff,Anna Bond,alyssa93@white-anderson.com,+1-623-916-7707x893,Male,40,Port Jonathanfurt,Michigan,2025-02-03
d3078c9d-39d7-4bf2-8c3b-e77c26face8c,Jason Perry,shannon18@gmail.com,+1-018-631-9523x7612,Male,27,Aprilborough,Maine,2024-08-19
f6149736-c6e5-4504-a39f-40222b5c94c7,Joshua Bruce,tperez@powell.com,979.979.8262x919,Male,49,Port James,Oregon,2024-12-04
0f5f7d73-1dd0-499d-bdc9-ca7e1bdddf6c,Brenda Strickland,marcsheppard@turner-mitchell.com,4234617861,Female,46,West Melissaside,Indiana,2025-06-19
e32f1d86-5bd4-4818-9922-3009ca652278,John Esparza,jonathancarroll@shepherd.biz,562-144-2433x934,Male,37,East Adam,Kentucky,2024-02-17
987209a4-bb4d-4970-a718-48699f7bd0f8,Michael Weaver,sallen@yahoo.com,001-387-019-8482x19545,Male,42,Floresfurt,Utah,2024-04-21
03a727fe-2aac-4bfa-a289-acbd35ecca79,Jeffrey Douglas,prichardson@gmail.com,8627701870,Male,56,Johnhaven,Arizona,2024-12-02
097bff1b-263c-4a2a-a606-b23f9115764d,Daniel Olson,whitetraci@hotmail.com,553.622.2589,Male,56,Andersonmouth,New Hampshire,2025-03-12
180b5c70-eebc-43db-8690-68db95bb8292,Sarah Little,james53@gmail.com,180-781-3057x991,Male,20,Nicholsville,Rhode Island,2025-03-05
66b5d456-bee0-4ae3-a55c-05a1e32e4ed9,Sara Curry,sarahestes@gmail.com,520.571.7569,Male,28,West Mark,Mississippi,2024-05-20
434bce48-2392-472e-8e69-8896a0df7c08,Erica Bailey,timothybryant@mcgee.org,001-874-433-1284x45970,Female,41,South Jonathan,Maryland,2025-07-16
9fdefffe-af32-498e-bca5-61d8084b7df7,Jason Ochoa,jesse79@campbell.com,390.515.8984,Male,21,Melissaville,Kentucky,2024-04-09
04f544bf-cebd-4e58-82b4-8bfa819d415b,Joel Lewis,lopezjames@hotmail.com,+1-743-619-1632x3308,Male,44,Sandratown,South Carolina,2023-12-03
2e3ceef8-1733-40ec-8ea7-d861a9edcd62,Melissa Shaw,jessicaray@johnston.com,(377)994-2219,Female,42,New Cynthia,North Dakota,2025-08-07
5d94e067-ae3a-49db-b7d3-e2da69256179,Katherine Jenkins,garciajoseph@terrell-chandler.net,+1-698-978-2007x53496,Female,33,Sarahberg,Alaska,2024-08-21
d38bfe8f-2bad-4ce7-8114-2f83b58b2e5d,Jennifer Garrett,jesse82@hotmail.com,307.344.5186,Male,48,Josephview,Minnesota,2025-04-04
f9a2f3cf-441a-4c6d-9d2a-2dde799a2ec3,Roy Martin,mflores@hotmail.com,001-354-806-7621x781,Female,30,Matthewmouth,Georgia,2024-03-23
3231651d-a59b-45db-b4e1-3af8f42429fe,Elizabeth Parker,eric12@petty-smith.biz,653-527-7055,Male,32,Sawyerton,Delaware,2024-02-25
d6898bca-c802-425d-96c5-de83f2ecb218,Mr. Timothy Coleman,nealamanda@wells.com,821.097.7876,Male,21,Taylorbury,Delaware,2025-05-23
45401b79-3848-45fb-a421-9ad92802d3ca,Carol Peterson,wwilliams@tran.info,(149)433-3466x41001,Female,46,New Williamshire,North Carolina,2024-07-19
34f2ffc5-9bc8-4609-9e20-0ed369f02233,Wesley Sharp,daisy35@gmail.com,2219258955,Male,22,Bautistaborough,Delaware,2024-07-12
0e7efe75-7349-4d93-941f-2c1ab6536855,Todd Rocha,cynthiadavis@navarro-harris.com,001-571-231-0802x89709,Male,37,Maloneton,New Jersey,2025-10-27
e4ab26e8-605d-492f-b5da-aa0c9a21f958,Derrick Harrell,emilynguyen@hotmail.com,1715778561,Male,48,West Mary,Arizona,2024-10-23
18cfcd27-7d48-4140-a4c3-92badd9fddd1,Pamela Valdez,watsontina@miller-conner.com,+1-331-538-6826,Female,42,Lake Lisahaven,Virginia,2024-10-11
34676813-95b2-4398-9c18-a0be3e94176f,Cindy Mccall,richardsonjoshua@hotmail.com,431-204-7854x18901,Female,24,Stephanieport,Massachusetts,2024-03-07
92c86efb-2593-4ead-881f-e0f98bbfdaae,Lauren Myers,brewermichele@knox.com,(146)797-6065,Male,51,North Arthur,Florida,2025-08-13
440159e8-dd7f-40b3-88ae-f8919fa5eddd,Brian Price,mccormicksteven@brown.com,001-405-533-3341x62353,Female,23,Williamport,Rhode Island,2025-07-28
0b5f4b9a-e3d9-4b80-8dcc-99782923e770,Leslie Simpson,kathleen78@hines-rush.net,001-549-018-4567x557,Male,22,North Tiffany,West Virginia,2025-04-03
dc23b2fd-ae61-42ad-8441-7f0b52676d9c,Pamela Lee,ramseyamanda@jacobs.net,(830)855-4895x9498,Female,43,North Kathleen,Minnesota,2025-05-19
4b8854cd-5d4e-421f-b30a-d9d267c942b0,Cody Gray,sstrickland@stone-fleming.com,(153)774-9836,Male,25,South Ethanbury,Oklahoma,2024-09-02
b01be3e4-215e-40aa-a5bc-b62e2d9c77c8,Nicole Gonzalez,garrettrogers@meyer.com,(836)048-6121x654,Male,32,Lake Richard,Hawaii,2024-11-21
f530ac23-9739-4d0d-862b-78298fa44e36,Ryan Parks,jsmith@keller.com,969.018.3740,Female,34,Hollandtown,Louisiana,2024-10-20
a5a93476-c6a3-4ac5-a8ac-fe83f22e7aa3,Meghan Horn,youngjoseph@vasquez.com,829.805.7652,Female,54,Timothyview,Missouri,2024-09-06
53501f7a-cee1-4406-b3ae-67248e5c0785,Brandon Clements,rsmith@yahoo.com,7392962565,Male,56,West Angelafort,Florida,2024-03-26
82d853b1-880f-4f23-855c-04fb32047eb8,Christian Dillon,jacquelinehayes@hotmail.com,961-003-9800,Female,37,Port Joshuahaven,Connecticut,2024-03-17
c224e71d-c0fd-469e-9c8b-38fef9cb9c6d,John Anderson,tammymiller@yahoo.com,(668)711-1928x998,Female,58,Mcbridetown,Montana,2025-11-05
904c328d-8e63-478c-b96f-6e658af4d9de,Megan Taylor,joanna60@hart-nichols.net,+1-903-033-1013x4519,Female,30,Hannahburgh,Mississippi,2024-11-21
4f669311-cb5e-4113-a514-5ccfcb9de497,Belinda Hutchinson,michele21@yahoo.com,(911)178-0481,Female,18,Murphyland,Kentucky,2025-03-30
7b318a42-2e80-4889-affd-877150a62bb2,William Garcia,gilesalicia@hotmail.com,(945)885-5804x78544,Female,52,North Judithborough,Utah,2025-02-07
c07639c3-1e45-4fdf-8c38-ca8e411dc8fb,Dr. Tyler Brown,melissadaniels@yahoo.com,+1-618-079-6344,Male,36,Port Karenland,New York,2024-06-11
7d69c46f-51e7-46d7-91b9-0d3095894749,Dawn Hoover,samuelfranco@medina.com,+1-306-393-8933,Female,55,East Alejandro,Colorado,2024-06-22
06200b74-4f3b-4d4a-bcd6-e43df37ec278,Antonio Mckay,nalvarez@scott-bates.com,001-395-250-3504x455,Female,51,Martinezfurt,Illinois,2024-09-30
f09ac36d-dc2c-411e-8b88-643dcf992a19,Laura Riley,janet78@yahoo.com,+1-522-829-8816x021,Female,58,Port Randyview,Tennessee,2023-11-23
80953d7e-66bc-4df4-b71e-4154a1f123b3,Mario Cooper,ginabest@fields.net,190.771.9060x52716,Female,53,North Ashleyburgh,Louisiana,2024-08-19
1826150d-4d2e-40eb-8554-c292f99d73b5,Sandra Duran,gfrey@turner.com,001-066-239-9177x103,Male,57,West Anthonyburgh,Nevada,2024-04-09
470b61bc-2e17-4eb4-bb2d-e38fd52c095c,Nicole Baker,garciamorgan@yahoo.com,(355)586-5073,Female,59,Richardview,New Mexico,2024-06-06
4452a845-0ae1-4cbb-942e-53372bf96e0b,Steven Brown,ebeasley@griffith.info,985.608.8090x46593,Female,37,Tammytown,North Carolina,2024-11-03
ba9e185e-833e-4a8b-a729-1cc7014ecc41,Sean Clark,christopher09@perez.com,+1-082-721-5575x2052,Male,44,Joneston,Vermont,2024-02-27
346cf19d-2405-4cc1-b51f-a9a896a5a82c,Joseph Hoover,onelson@fleming-gutierrez.info,(856)786-8714x879,Male,24,New Lisa,Minnesota,2025-08-05
20ae647f-451a-4dae-8b6a-0b80c9b89622,Ashley Ross,fuentesleslie@owens.net,771.353.7454,Male,41,Rubiochester,Illinois,2025-06-06
416233d9-e373-4d24-9c9c-c5afb024d977,Anthony Moore,stewartbetty@york.com,(285)078-8687x4703,Male,28,Shawnmouth,Illinois,2024-03-04
886e59a5-2f80-430b-a684-35283e4f086c,Joseph Santiago,jesusgray@yahoo.com,+1-359-222-9949x5580,Female,35,Monicatown,Illinois,2025-09-21
f78090e4-82a2-4710-8e9d-0b2e7739fd11,Jessica Flynn,debra90@mcbride-hatfield.com,734-735-6689,Female,25,Ramosshire,California,2025-10-02
af7adb05-3311-489f-bc50-c33125057c57,Robert Brown,samanthawilliams@thompson.com,001-460-169-9767x02159,Male,54,Jodimouth,Alaska,2024-08-06
6575a913-e377-4ac6-9042-7da16ad100d2,Laura Walker,brian91@jackson-jones.com,512.613.1789x397,Male,52,Paulshire,North Dakota,2025-05-10
bfc49e2c-726f-4ff8-84e8-62a2740a744f,Betty Cooper,tswanson@weiss.com,995.427.0556x787,Male,32,Lesliefort,Minnesota,2024-01-10
fef93a36-c640-4c65-8ed4-a4dc12f4ce72,Hector Jones,emily49@yahoo.com,001-997-736-9371x638,Male,56,Kendrafort,Washington,2025-01-16
21b48f68-0623-4c81-a2e3-2f32e7e99f5e,Michelle Welch,judith71@foster.info,893.075.4367,Female,29,West Michael,Wyoming,2025-10-10
476ad62b-5fe9-4cb8-a721-d086b4d47214,Cynthia Mendez,aguirredaniel@adams-morales.org,001-916-098-1051x303,Male,36,New Randallside,Michigan,2025-01-28
2d838f22-026a-4b01-a2ee-993edbd75b54,Gerald Smith,burnsamanda@hunt.com,073.125.3163,Male,38,Alanshire,Louisiana,2024-10-03
39dc1756-01f5-407d-bb56-22a8d61097c2,Jill Phillips,torreslisa@gmail.com,421.369.5328x00527,Male,54,West Sarahstad,Rhode Island,2025-09-23
ad333574-78e3-4935-8ef3-998f792a01f7,Ann Johnston,belltracy@gmail.com,+1-845-889-8296x8938,Female,22,East Donna,Maine,2024-09-26
d3701b19-02d3-4099-9f84-b10c438971c9,Cynthia Thomas,melindasalazar@hotmail.com,(210)010-1263x146,Male,43,Catherinetown,Utah,2025-06-26
c0a5ac17-43ca-4972-91a8-e6b9f499a47f,Kenneth Richardson,crystal17@fisher.com,045.990.5063,Male,58,New Eric,Oklahoma,2025-06-01
acd869b0-6441-4040-80d6-da58656ed349,Shirley Moore,hernandezjames@yahoo.com,+1-421-079-1563x357,Male,52,Nicolebury,California,2025-10-08
b1014d98-4092-43ab-b6a8-de10adcc200b,Joel Chapman,robert98@thompson.com,(037)459-1843x3567,Male,42,New Thomas,Maine,2024-01-11
1b98b6dd-e905-4675-a68c-b46580275cc1,David Harrison,kingbrenda@yahoo.com,984.828.3625x25990,Male,28,Port Jenniferberg,South Carolina,2025-09-12
2d554f90-ab61-4a86-ab15-990cfe97ff39,David Thomas,danieldustin@gmail.com,087.584.4401,Male,51,Port Rebecca,Delaware,2025-01-12
c91c2e17-ec1e-4df6-afd0-86223e737a3c,James Schultz,murrayjames@yahoo.com,698-392-4633,Male,38,Cherylport,Louisiana,2025-03-21
002bd08e-7741-4856-9685-4d02b29378eb,Phillip Morris,gallen@yahoo.com,(951)466-0847x322,Female,25,South Henryside,North Carolina,2024-12-19
4243f25f-cd41-43d3-afd7-e1d98be47189,Derek Leach,dphillips@yahoo.com,+1-376-482-7593x8430,Male,45,East Sheena,Iowa,2024-11-14
5c6407cb-4103-493c-823f-0b3538aff6a9,Amy Winters,ann68@hotmail.com,281-543-7667x812,Male,50,West Richard,New Jersey,2025-09-14
f5191f85-e0b0-44f4-bcf9-6a91aa94aed1,Jennifer Cooper,evansstephanie@munoz.com,2682619336,Male,54,Chrismouth,Oregon,2025-09-20
50057060-3fc0-49a6-8679-51458ab122a4,Mary Rodriguez,diana31@yahoo.com,2819720509,Male,40,Lake Susan,Missouri,2024-10-28
40fc0010-923e-43f1-845e-ef98e40b566f,Jeffrey Brown,chelsea05@hart.org,(886)028-4159,Female,24,Lake Martinborough,Arizona,2024-05-12
ad4b7e4d-894d-4c46-bb4a-0047b27b4ded,Troy Smith,sarahcox@hotmail.com,001-955-449-9308,Male,41,Pittmanhaven,Minnesota,2025-04-08
9a77c02a-6ba5-4f2b-be6f-637089ddad03,Fernando Dixon,krystal62@harvey.com,(117)090-8455x9466,Female,52,North Aaron,Utah,2024-01-27
b828b7f0-6263-455b-8eec-4962622acc1d,Aaron Hopkins,caleb43@jones-ramos.com,(804)478-3554,Male,58,Roystad,Kentucky,2024-04-26
4d4ca992-76c8-4dc2-8d27-b841dda9227b,Tyler Martinez,aaroncampbell@gmail.com,787.621.3125x170,Female,46,Janethaven,Washington,2024-06-03
b56b35a4-63e3-4ec0-8629-b7583ea6b45c,Stacy Castillo,john57@gmail.com,355.954.5421x45035,Female,41,Jacobstad,Virginia,2024-11-29
dca98c43-3d70-4cf5-8006-27dbfc660edc,Tyler Morgan,gregorymorales@yahoo.com,584.496.1427x80090,Male,33,Lydiaside,New York,2023-11-18
bdd7c0aa-cfef-47c2-9fd9-97c293ee6ca5,Rachel Howard,moralesjeremy@bradley.info,047-542-0008x119,Female,56,Samuelburgh,Michigan,2025-05-04
dfa64633-10ce-41eb-aae8-e3c8e33fb8bf,David Barton,connorheath@hernandez-guzman.com,+1-915-889-6135x50523,Male,59,North Tiffanyport,New Mexico,2025-08-05
845bb545-d082-4f5b-b22e-97f2df1677c2,David Compton,pdrake@anderson.info,001-528-804-4516,Female,48,Taylorchester,New Mexico,2024-12-03
6a322595-b992-4abe-9f0a-4f2b96e16343,Amy Garcia,johnsonjoseph@hill-ward.com,+1-515-863-6860x35382,Male,48,New James,Utah,2024-05-03
55a53311-adaf-471e-8ec1-eaa9217730f3,Andrea Davis,hendersonsarah@yahoo.com,001-145-343-6471,Male,48,West Amber,Georgia,2024-04-10
374f68a4-3cbc-4e60-8dec-1bff2dfcec88,Charles Murphy,monica92@cole.com,001-561-474-0138x94187,Male,38,Anneport,Wyoming,2024-11-02
71b2dac2-b3a2-47ac-a702-aac3f95730ff,Jill Bradley,bryantderrick@yahoo.com,001-177-427-6361,Male,45,East Elizabethfort,Florida,2024-05-29
5e7a2b3e-afac-45a9-bfd2-8e0ce804aa78,Maria Gomez,mathissuzanne@hughes.net,(552)241-5502x7444,Female,31,North Mariaborough,Minnesota,2025-02-26
6078105f-da69-43c5-bc07-9c295825cf83,Paula Mendoza,mikegregory@howe.biz,665-082-0450x405,Male,33,Batesview,North Dakota,2024-04-08
e4d69a69-b0b8-430d-976c-de467dab015a,Michael Anderson,courtney08@gmail.com,+1-160-638-6430,Female,32,Lake Richard,Maryland,2025-10-23
36054233-26c8-40ff-9d22-84caf7ad43bc,Laurie Johnson,selenaramos@gmail.com,(742)408-3594x89094,Female,27,Lake Marymouth,Arizona,2025-02-23
108066d2-6efa-4ff6-9a0c-7dc36af0070f,William Kim,grodriguez@robinson-williams.com,(405)389-5018x134,Female,57,Davidland,South Carolina,2023-12-18
c381fa47-bd29-4de3-829e-a94d6ac40b46,Shelby George,whiteryan@rodriguez.com,6812376943,Male,56,Michaelfort,Florida,2024-02-05
cdda952a-85c8-4877-b043-514046074892,Carl Evans,brittany90@yahoo.com,(261)026-1304,Female,25,Mcdanielside,Alaska,2025-05-01
56757ed6-97ec-4c17-8fad-8e5f72c936d9,Victoria Crawford,adrian69@yahoo.com,(462)418-0727x1572,Female,58,New Adambury,Maryland,2024-05-11
ed885d9d-9e35-4232-bddf-8e9832c763e9,Sara Macdonald,thomasjacob@chase-russell.com,193-558-9499,Male,43,Nicolefurt,Hawaii,2023-12-01
9bd368a4-bf60-453f-a5ce-810e76ae6797,Joseph Ball,murphyjennifer@ramos.biz,001-604-826-5168x468,Female,19,Toddfort,Mississippi,2025-06-05
a2a5f862-2063-4181-ae87-8a3ab5e029ed,Dominique Medina,jamielang@rivas-brown.com,665.169.3115x1731,Male,36,Kathrynshire,Montana,2025-06-09
ddad595c-f9b8-48f5-b9f4-d979705ff180,Kevin Donovan,sparksjoshua@melendez-white.com,242.005.1619,Female,53,East David,North Carolina,2025-06-29
17530a6e-e466-4390-a522-d0c4b4825312,Julie Pham,framirez@gmail.com,001-534-968-6875x0004,Male,33,Leahmouth,New Jersey,2024-09-20
e39050ae-6d79-464f-a01e-5b1cbc830dcc,Ryan Sanders DDS,wyatt32@gmail.com,+1-473-099-1341x082,Male,26,Lisachester,Mississippi,2025-08-16
78c255f7-bbb2-400b-8447-d796deee93c1,Connor Garner,tiffany09@mann.com,+1-521-338-1711x0009,Male,18,Teresatown,North Dakota,2024-12-27
3377b3f9-5f62-40f9-9852-fb0e2578c03f,Anthony Bradford,charles75@yahoo.com,+1-851-592-4989,Male,45,Richardside,Delaware,2024-02-18
b4f1e211-57fb-4403-8b92-13ffffcc0c13,Rebecca Lewis,davidgarrett@lee.org,001-425-156-2575x28180,Female,30,East John,Washington,2023-12-13
d2e5ab05-86fb-40b6-ba24-7b6d41f650dc,Kimberly Welch,shunter@lewis.org,303-678-8350x47431,Male,25,Port Luis,South Carolina,2025-07-13
ac6f6504-eac2-4b5d-9ef6-a17539ecaf0f,Miguel Boyd,scottaustin@davis-farley.com,(571)147-4535,Male,42,Vincentstad,Maryland,2024-10-09
58251612-7861-4774-8cf3-325744021066,Bianca Baker,davidroberts@hotmail.com,176.060.4584,Male,37,New Mark,South Carolina,2025-07-24
