review_id,customer_id,product_id,rating,review_text,review_date
af6ce598-4d9b-456f-bb51-e1f9fbe608b0,346cf19d-2405-4cc1-b51f-a9a896a5a82c,7b8a86c9-bed5-4093-862b-f64d218eabe1,1,Those view world political table remain.,2025-09-06
6f429556-113b-4c6c-be25-9bb72f660739,b2edaee6-4921-4ed3-b8d5-3ed3d9f8559e,9cbab7bd-4948-4abe-8897-9ea632a7ef9e,5,Low behavior travel western wide.,2024-11-19
dee42503-7b1c-4e17-aa80-8ee5be50bed9,d6898bca-c802-425d-96c5-de83f2ecb218,46347c3d-2d23-47ab-8712-5ab7cd59d954,4,So perform do.,2025-06-04
c28e7a7f-faaf-4dde-8987-f47a6a9ca805,9fdefffe-af32-498e-bca5-61d8084b7df7,97280924-9215-420f-9b85-c5b7b753d03c,2,Daughter try per skill look size give.,2025-06-12
0964a173-2331-42a5-b4bb-7274ff97d42a,e4ab26e8-605d-492f-b5da-aa0c9a21f958,9978171c-1c87-4d5c-881a-1d0046c8deff,1,Billion health entire indeed.,2025-09-30
7f1f2b36-ddb3-4158-bed7-915de4e7249d,34676813-95b2-4398-9c18-a0be3e94176f,b3a1f5e9-6d10-41d8-a2eb-720edc462ec6,4,Rise capital approach.,2025-08-07
c54aa52f-c3c2-4fa2-bcce-764a0621accb,886e59a5-2f80-430b-a684-35283e4f086c,af32713f-5749-4b58-9e5e-927f2aa9b3d8,4,Congress if their season big wife situation.,2025-10-11
d531220e-e95d-4b56-acc9-d93dd1a3451b,3148b58f-982e-4999-8e46-6ce8611281b7,56441243-dacb-4aef-9b86-77a6af290ca2,3,Find growth lead would draw.,2025-04-03
78b42207-ff03-475f-a04b-e293e5a5f5fa,b54320f1-20f0-47d9-a48b-5a669dbd36fe,3b28da56-d06c-4341-8506-608c6371baac,2,Other speech foreign however center.,2025-09-23
c835d26a-c1e7-4371-9300-cbe382a27614,e5e8ceed-aaa4-4756-a0e2-dee07ea83d97,fc641ac2-249c-4401-8504-0f5c3469eac7,1,By none economic talk throw.,2025-02-28
fa60a650-cf6f-40f4-a64e-34af7d105545,ad333574-78e3-4935-8ef3-998f792a01f7,e3b02195-644c-4ff7-a868-d0822fa9cc98,2,He standard son onto follow himself positive.,2025-08-24
ef285dce-60ef-45be-82ee-fd4eb2643ffd,21e9dea3-620f-4251-9c0d-ad0518e0494d,8da94017-1810-4b80-84a6-6e834f5747e5,4,Feeling once career human since forward.,2025-09-23
b3d9a32b-af8a-4799-ba13-a2a21cacb879,987209a4-bb4d-4970-a718-48699f7bd0f8,ea1b598b-3061-4cf1-850a-5096597a6ed3,3,Prepare opportunity lot everything fish figure represent.,2025-06-02
dc2969d4-f46a-4937-8ac2-f903eb1ff808,03a727fe-2aac-4bfa-a289-acbd35ecca79,994314ec-dd3c-4f66-8439-07724dc7a119,2,Responsibility represent better happy side to traditional.,2025-03-23
a4c2180a-e39a-401a-aea4-15894b7c3546,e32f1d86-5bd4-4818-9922-3009ca652278,b6855c89-9fa0-490e-989f-b98819cfdba5,4,Personal want play card.,2025-09-04
1879c09c-5274-45af-bf2c-4b5f9a8537d0,66b5d456-bee0-4ae3-a55c-05a1e32e4ed9,7c7fdc6a-cd8d-42f4-a990-964e65b4b669,4,Main exist state.,2024-12-04
71650a9f-19cd-48af-bbf2-fafe46572e21,364d4c8f-7123-475d-8263-8cc4ba9cb058,5b61b0df-2f56-4f08-856c-fe0a61f3d067,5,Stay put hard situation community might.,2025-05-01
32540592-2e03-4313-98f3-b94ffc533969,96f12964-b7e2-456c-9437-2481d44841b8,0b2f8ad7-63fb-46f0-bb3a-68cce4c48436,5,Seek race account edge suggest federal discuss.,2025-09-10
86cc3323-66e9-4ce2-9a65-b5da730a33cf,8a57b55c-2eac-40cb-8678-060f232d5a7b,4b45b9eb-8144-440f-84f8-0e3a44c73241,3,Deep place she industry look if call building.,2025-01-10
e2748b2d-4752-40d3-a446-6db13b9a0710,ed885d9d-9e35-4232-bddf-8e9832c763e9,9355ca60-a46f-40f2-9321-ac7c4bbd1330,1,Could option tend.,2025-07-20
6a04323d-3be7-4378-b913-557ef9e65ff0,66b5d456-bee0-4ae3-a55c-05a1e32e4ed9,d11ee9d8-5feb-4d47-b32f-ad43dea07af4,4,Who radio attention five threat note trade.,2025-01-10
deeae1aa-f040-4537-81d4-af2b0e84b52d,2e3ceef8-1733-40ec-8ea7-d861a9edcd62,4107406b-16bb-456f-9107-7c7b7b749bd1,1,Figure hotel seek occur each walk plan.,2025-04-13
ebe2a411-e6eb-47cf-9829-9958da275b44,886e59a5-2f80-430b-a684-35283e4f086c,e8c70268-28f1-48b1-a31c-65693a4db562,2,Score officer rich.,2024-12-01
1585b88a-8f8a-47cc-97c1-f59bd6bf5899,5000c70a-7a51-4c56-9b96-9bb6809a8d95,bba00e9c-ee06-4f40-be5d-576503056053,5,Vote above image them standard recent American.,2025-03-21
51830024-dff7-4c36-8dad-10b40e8e7790,f7abca51-e4e2-403a-bd5e-b9006609fd8e,99ab796f-2c9b-4457-8051-b3c256238f38,4,Certainly discover guy write.,2025-05-14
fe7f72a8-9a95-446f-8237-3045c4c69d83,d2e5ab05-86fb-40b6-ba24-7b6d41f650dc,3a1b3a1f-69e7-4297-8add-a61499a4750e,5,Up feel until rise.,2025-06-23
c3a7c307-901f-4f4e-abab-5a67ad018334,b895ac2d-6670-4570-b9aa-4d326ed1fcf9,5bef564f-4d86-4c6e-b2db-c1c85c6ef50b,1,Half people Democrat rise outside through scientist seek.,2025-02-07
57fd9aa9-73f8-480c-9551-751d3219e616,e570fd8e-6ef8-4bd1-9616-c94056598447,f6ca5664-591a-4e5a-ba54-b7d24f0696a4,1,Event current determine week mean certainly film.,2025-10-09
f67009ab-3b12-4b57-a9f8-9e50dca51462,9a77c02a-6ba5-4f2b-be6f-637089ddad03,2d6d757b-c9a4-4a6b-b25a-f503d2dd5c6b,3,History whom meeting early character ten.,2025-05-29
ec180ac3-463d-419e-a660-44c29d998261,440159e8-dd7f-40b3-88ae-f8919fa5eddd,cc1907ab-677b-4c74-9286-15ab91e3a977,1,Send pattern Mr bed rich act.,2025-10-22
faa3635a-76b9-45a4-95e5-6b3c67462c3f,8e323f9b-64a8-493e-a31e-5e549c1bccd9,10fba50b-16d6-4d57-8393-d01c5781d5e5,1,Culture some page from forward where.,2024-11-26
8e56be8e-e62b-4a41-bdca-8631bf8120f4,1ecd9809-0b2f-4363-b94c-7b1555b7cbc5,d3078d61-eafe-4e60-b6d9-2ab48ee653bc,5,Catch entire sea agency wide across time.,2025-10-02
f0bfe582-38fd-4194-ba9e-885dc0710f35,53501f7a-cee1-4406-b3ae-67248e5c0785,423ef12a-cd19-423f-883b-f74be62e36e7,5,Write trade full likely live have.,2025-01-14
3df1e1a1-bbd5-41ac-add4-64a93996a493,03a727fe-2aac-4bfa-a289-acbd35ecca79,d220f2c6-29b7-4a29-8a31-ea589d41b68e,5,Economy might assume.,2025-06-03
bfb24204-b0a4-4b21-8d5a-476693bb4cc6,7298bef2-f9db-4f06-a498-4f2424ad21b2,b5b2d72d-1e2a-4815-a0e9-63fc84e9a781,4,Free life because audience good talk.,2025-01-01
9d7515a1-436d-4818-ae68-04ba7a08f1d2,5d94e067-ae3a-49db-b7d3-e2da69256179,6628a082-1668-4a91-90b0-cd974aa7d5d6,4,Provide weight available beyond less might.,2024-11-13
ebf55ead-80bf-4c97-b838-4cfd597c0d12,5acd1ef2-a42c-4207-b63f-8fb85cb75910,12ddfaf4-4a64-42c8-aaf4-22e7d4b56f42,3,Body former pay sure administration leader doctor international.,2025-04-02
059c7087-5555-43e9-9bce-ba1975b7b5ae,c99300c2-69c6-460d-b12a-716483e22466,20cd7f80-b550-4e8c-b0d7-4568db20e151,5,Unit break it not.,2025-08-24
7aaad44e-e75b-496b-86e2-c72acc1f6e78,a83dd71f-1f63-4687-a0d4-0ba11d21c59b,c9b867ef-a0f4-496c-a8fe-09fbb42a2256,1,Level hand beat name like could vote instead.,2025-06-12
a07ae44e-2486-41d7-ae38-451da3a1b3fe,bfc49e2c-726f-4ff8-84e8-62a2740a744f,7c7fdc6a-cd8d-42f4-a990-964e65b4b669,4,Green her professor stay knowledge.,2024-12-17
9b3b5142-bb82-4e57-be58-ca7095027383,a81cdc98-7037-46d6-b820-68629038ad0f,2a0db37d-1d67-4cc6-b36b-fe6dba5dceb8,2,Read take foreign worry news reality serve.,2025-03-21
7652fa46-8b9d-468b-a3b4-7ac42068504d,440159e8-dd7f-40b3-88ae-f8919fa5eddd,ea65c2f8-ecf2-4f62-9c45-efdb7aaaca84,5,Employee even meeting beautiful tend.,2025-11-07
77b1c975-ca46-486b-aa60-571378d63b10,c267954e-88f8-4d3e-84f1-c7c5528ef3c2,4b73ef8d-d366-4cb6-aa17-6692070bb9d7,4,Song race old book right.,2025-07-05
538f3239-cc40-41c5-ad77-a8e7e2dad4b4,e7804b6e-ec7f-45a6-8ec6-9cb13bc1d8a9,4b45b9eb-8144-440f-84f8-0e3a44c73241,5,Heavy institution mean receive wear apply if.,2025-10-29
6b46e44b-94c8-4736-93b8-6c8d753a1e3c,66b5d456-bee0-4ae3-a55c-05a1e32e4ed9,c425e1a4-2528-4c91-9110-02a688c27e81,3,Instead last likely real.,2025-04-02
b36c9e5d-260c-4409-b409-d8d1c585450c,3107f641-d099-4949-8679-34a6a92c1ad1,f088fe16-c492-44c9-87ef-dccf0f6d8064,3,Glass action bag discuss imagine story cold.,2025-01-22
494e50e9-3f4e-4942-97f4-965a022784e3,ad333574-78e3-4935-8ef3-998f792a01f7,e3b02195-644c-4ff7-a868-d0822fa9cc98,5,Sort everyone any parent site sense ground.,2025-07-26
b30d2c60-94c3-423c-941b-8bb2a4051336,53501f7a-cee1-4406-b3ae-67248e5c0785,7a2bb4e1-b4d7-4ff0-bd60-934d6519a9db,4,Stock travel bad sport top culture.,2025-08-14
96c82c9a-cf9c-4e73-929e-e8fd6dcbc063,8edab34f-2277-41a9-99c5-4b3c920a01cf,7d1bbd62-d536-4780-8b83-b490d78561ee,3,Do every fall.,2024-12-10
42f6ecc8-c383-4bdb-a0fc-c1c114246dec,2f23b802-5bfa-4d6f-88dc-8a0ebfa8dcbf,c6cc2e17-a0b6-4628-838a-4712dde6ffe6,1,Chance prove detail itself four affect fly.,2025-10-08
d4f41796-35cf-4af3-b621-5ba70a854364,c99300c2-69c6-460d-b12a-716483e22466,a42167a4-e515-447b-8f73-4d02ffad72f5,4,Almost last ahead.,2025-01-29
9eae352d-d40d-414f-b8ca-d3c89ace3e22,bdd7c0aa-cfef-47c2-9fd9-97c293ee6ca5,e3175eaa-c999-4ea0-90b2-b3217cc8f37f,3,Pull hard space.,2025-06-14
b2e86e22-5ab9-44f0-82e4-eab23de24851,1792be60-bcc5-4ee0-b03f-973b55ecbc43,57044e98-e139-4312-9b9c-5192e9852a2a,1,Thus somebody themselves certainly.,2025-05-10
aad3edf4-8a8d-4fd6-abc4-2cc1c8486bee,af7adb05-3311-489f-bc50-c33125057c57,8945de19-c00a-4d08-9fdc-ee3843a01bf0,1,Who great Republican the information forward.,2025-07-01
2b3fb3db-43fb-487d-9544-9a636ea419d1,cdda952a-85c8-4877-b043-514046074892,0543fd4a-05b9-409e-a809-68e250ad7e01,4,Why sport ask.,2025-01-17
f6574a59-0911-4f1e-b467-6a76ea6a4443,dfa64633-10ce-41eb-aae8-e3c8e33fb8bf,e2dcf6b2-f85d-4c57-af57-e660862bed30,2,Behind report learn campaign water serve even.,2025-09-12
e4fc053d-0181-4404-b1ca-8176d8ea4131,e8d295e0-398a-4cf4-a5cb-a8998f899741,6254a57f-b18a-4465-86a5-d372ab2f1e80,2,Hard chance wind thus because industry.,2025-06-01
1e5dd746-a86d-48d0-852c-ace013af073f,35a5fb65-7d96-4a7d-815e-8ba3b564d898,d17ddf15-ccc6-4dd7-b43f-e8e7201d09e9,4,Question election enough interview not must authority.,2025-05-06
f00b379f-5610-4301-9203-f436561692fb,8d17c12a-4dde-40a2-9414-275167e36037,5b7467c3-ad4a-4bde-b6fb-21d9d1dafede,2,Upon Mr simply let fear evening.,2025-09-22
6815d6c1-c113-4d95-9d8e-09be6ac466ee,ac6f6504-eac2-4b5d-9ef6-a17539ecaf0f,6d44455a-2047-4e0d-aba0-88beb54df01e,3,Court director key quite particularly probably.,2024-12-03
7f637ae3-ec2d-4ebe-bbbc-7970851f7e04,5e7a2b3e-afac-45a9-bfd2-8e0ce804aa78,aa4f63c0-8291-45c4-a2dd-a948e3a0e284,5,War personal act affect card likely fight maybe.,2025-05-31
25b6aaa2-8d23-4790-ace5-6e0374547016,17530a6e-e466-4390-a522-d0c4b4825312,a2bb30c0-8b9e-42a5-bf56-02becd04cf96,5,Box check respond human it wall report nation.,2024-11-26
566eb9f1-c553-433e-93fe-f2982017fc8c,c267954e-88f8-4d3e-84f1-c7c5528ef3c2,dedad738-a806-4cfa-a39c-4f3e3fd845e7,2,Open chance nation offer throughout specific.,2025-04-30
ebcd5e8c-f354-492c-9c08-9e441cccdda3,50057060-3fc0-49a6-8679-51458ab122a4,95a7df9b-bdc6-4813-9ffd-02aa5dc0e537,4,Land standard under name for believe bit also.,2025-04-11
c66ab59e-1c40-4823-8c5d-c34315a6fd43,7d69c46f-51e7-46d7-91b9-0d3095894749,d3078d61-eafe-4e60-b6d9-2ab48ee653bc,1,Foot discuss range cold.,2025-09-03
fe907210-cd2d-4937-9859-906c46652caf,f530ac23-9739-4d0d-862b-78298fa44e36,3b6c8fa8-6d98-41ef-8d09-8f2f4d937ed2,1,Only current around gun own south board.,2025-08-23
71a332cd-bde2-41f9-a298-92a240277d3c,9fdefffe-af32-498e-bca5-61d8084b7df7,f67b82b6-2d8e-4af8-a090-3bb026d09a05,1,Particularly surface difficult.,2025-09-23
19833981-15bd-4cfa-8749-6a7191944c0c,03a727fe-2aac-4bfa-a289-acbd35ecca79,d047f77a-fc19-483a-8c04-a3e7295b1cc5,5,Human let wish real particular year help.,2025-04-13
3290bc27-6aba-44e0-a442-b8e544587170,8a57b55c-2eac-40cb-8678-060f232d5a7b,47c2ea2b-643d-45dd-bfe2-777f1f93a195,4,Beyond difference especially down.,2025-07-29
694d3950-c843-42c8-87b7-ebdba828cdd2,9c5d3458-c961-4967-af81-165dc0527a3b,05628cc5-1109-401e-939d-fd3e19bc356b,5,Total first compare fly management there arrive.,2025-01-04
febdedcb-ab42-462f-81d9-a5ce34103f3b,c267954e-88f8-4d3e-84f1-c7c5528ef3c2,10fba50b-16d6-4d57-8393-d01c5781d5e5,4,Stop card candidate ready she.,2025-02-08
53d02d66-e5a5-41fb-844d-f92f70640a6d,108066d2-6efa-4ff6-9a0c-7dc36af0070f,5b61b0df-2f56-4f08-856c-fe0a61f3d067,3,Article marriage painting deal.,2025-02-28
87619b7e-7e72-4544-a273-b4cecc9ac040,96f12964-b7e2-456c-9437-2481d44841b8,c4411afa-95ed-4992-84c3-2e3f21c6c8e8,2,Window approach fly four that hope individual.,2024-11-30
2115a8da-195f-4415-be22-69573cd39741,00338233-50b5-4c85-992e-68257829c781,c1700bbc-7e4f-46cc-ad71-e16ee597d0e5,1,Here skin game ball factor just prevent mouth.,2025-01-15
112f3c86-70b6-4c45-8a9c-4396ab2c7312,18cfcd27-7d48-4140-a4c3-92badd9fddd1,ac9070ac-6c6d-4789-9278-abf758649037,5,Really nature lot.,2025-04-09
521b0fd5-e872-47bb-b529-06df7c626020,d01b4fea-d49a-443b-afc5-f1f4241a35b6,d220f2c6-29b7-4a29-8a31-ea589d41b68e,3,Maintain better difference respond.,2025-03-24
787575ad-0abf-40b9-8977-d5e1b401f85f,9fcaffd2-a76f-42dd-80c3-e52b9431cae7,ed651329-cd04-480c-b49f-d74a21160639,5,Job audience move data.,2025-06-05
1fdb8fec-b877-46e0-8810-a16c69c3da17,2d554f90-ab61-4a86-ab15-990cfe97ff39,79e01502-68db-4313-b72b-d5291f0e05b6,4,Could growth instead culture note nearly anything state.,2024-11-22
a5a218d5-bc00-46cc-bbc2-bfc6b1544f7d,71b2dac2-b3a2-47ac-a702-aac3f95730ff,47c2ea2b-643d-45dd-bfe2-777f1f93a195,2,Agree like gas choose.,2025-03-23
739752ce-20d2-46b0-a508-59e9a8ce582e,b2edaee6-4921-4ed3-b8d5-3ed3d9f8559e,5b61b0df-2f56-4f08-856c-fe0a61f3d067,3,Serve fund develop adult.,2024-12-26
a19b56c8-c675-4077-8380-7e60670e9b11,543f9554-afb7-47ec-b205-1db19dc0f72f,3a1b3a1f-69e7-4297-8add-a61499a4750e,3,Yard side pick response.,2025-02-24
251668b4-a0c2-403e-aab6-f8797189cdb1,bdd7c0aa-cfef-47c2-9fd9-97c293ee6ca5,989ac506-4c2a-4c71-81b8-6bcfafa72310,5,Vote very board house human live talk.,2025-07-07
f4e8c3e9-a486-48c1-aa3c-1ba117b69b17,e94eff49-2e30-45ea-994c-9cae2ec4f1e0,d90595e4-e786-491b-a084-1ceef6e25663,1,Whether national feeling artist south state identify.,2025-11-07
4aa63e68-a258-4b18-a7df-bc087e4c4801,20ae647f-451a-4dae-8b6a-0b80c9b89622,0543fd4a-05b9-409e-a809-68e250ad7e01,3,Develop best business score and.,2025-07-06
390e528b-f450-4d8e-978d-59d5be799d64,21b48f68-0623-4c81-a2e3-2f32e7e99f5e,397acaac-ecb8-4033-b647-fc07b50d9a7e,1,Affect great very stay glass.,2025-05-19
f56a02aa-ae92-4b80-bb5d-145fde56cdcd,e97fbd2c-8c65-4a0e-a982-17377081a298,b7c46442-a4c2-41fb-9d35-46cc42789f7c,1,Parent decade fast.,2025-08-29
4d0d13d7-02d5-48bc-8dd8-391dfbd07b3c,e4d69a69-b0b8-430d-976c-de467dab015a,2d6d757b-c9a4-4a6b-b25a-f503d2dd5c6b,3,Daughter suggest various operation year set save.,2025-02-12
1fdd6f39-f47b-4fe0-a8be-8d1d5547ba23,bdd7c0aa-cfef-47c2-9fd9-97c293ee6ca5,77306b89-119a-4042-ba75-5e224d57b027,1,Stage anything type.,2025-07-20
e3fd53ec-d9ff-4033-9910-1f54e52f92da,3377b3f9-5f62-40f9-9852-fb0e2578c03f,8d0301b5-9527-4597-9963-80831e5c139c,5,Girl themselves argue story.,2024-11-20
4d42f720-13a8-4612-90b0-68c662524313,ed885d9d-9e35-4232-bddf-8e9832c763e9,40531684-bd67-47e7-9eff-f218a3cf15a4,2,That fish truth bill similar.,2025-09-20
50dad4d7-fae8-483f-98b4-67a4245b5c0b,be4de40f-0599-421e-a980-a3266cc89a9f,e51d342e-5dfe-448a-8f95-4d0a28c14933,5,Through skill because mouth.,2025-08-14
6f879aa1-76c6-4309-be7c-52367091cc12,f1e76a74-96de-48f1-9ff0-5abc7ed55438,75b2f987-83f8-4dbf-81cc-a76e3b5054d8,4,Discussion hundred kitchen film store environment can.,2025-02-25
9be441a4-6699-418a-9f21-5f2443c1c2e1,15e1bfe4-839e-457b-b4bb-58e2efb4d3f7,6dc768e0-7f77-4efb-ab04-e56a2c14755a,5,Return perhaps in affect.,2024-11-24
a4de25b2-0245-4ea6-baba-edde152e43f5,612bb090-0b52-43a1-8ab2-827fe5a6dc1f,e2dcf6b2-f85d-4c57-af57-e660862bed30,4,Local new near it.,2024-12-01
f31ef561-4963-42c3-bbf7-f88c594da0c5,1ecd9809-0b2f-4363-b94c-7b1555b7cbc5,ad0b48a7-ee19-4f76-89fb-7a946fb662bf,1,Can dinner total behind also.,2025-07-18
2ca41d5d-7c3d-4733-a486-fdd8dfedaacb,434bce48-2392-472e-8e69-8896a0df7c08,f901a678-e9c5-4e91-a80b-4e28f9678194,1,Control mean capital head surface.,2024-12-21
f97861fb-5f0a-415c-99b1-8e625dcae199,c351d300-512e-4d7b-b4cb-ee3ada7d2ad6,ac9070ac-6c6d-4789-9278-abf758649037,1,Write at dog watch write another.,2025-05-20
d563bc4c-32c1-4eda-88c9-f102db93a324,c381fa47-bd29-4de3-829e-a94d6ac40b46,f6ca5664-591a-4e5a-ba54-b7d24f0696a4,5,Movement agreement authority front always white.,2025-04-06
91a0acf3-ba48-4db5-ba7c-fd987d2099c4,8589d94b-82f2-4af7-9314-c84ab13447be,3290ec3e-370e-4375-8781-551c89133102,4,May impact girl although lot push building.,2025-06-12
0bbe7e92-387d-44a7-bfef-aca519ebb5d8,65d038ab-7a4a-44ef-bf54-1a6de0e5b745,748937fc-29f1-4d06-87db-5a4cbac042d8,4,They goal politics person result.,2025-02-09
e7debf56-854a-47e7-b4ee-3ed354d30b66,3148b58f-982e-4999-8e46-6ce8611281b7,7d1bbd62-d536-4780-8b83-b490d78561ee,5,Manage kind about tell once billion.,2025-07-25
9db19450-894a-4110-9126-5ffe1452a281,6078105f-da69-43c5-bc07-9c295825cf83,12ddfaf4-4a64-42c8-aaf4-22e7d4b56f42,2,How good institution trial have.,2025-07-21
ef8d1697-5180-4578-8649-366cc3ebde12,5ed02a43-345b-4537-9fac-5713e29e2157,c6cc2e17-a0b6-4628-838a-4712dde6ffe6,2,Nature opportunity fish by bit.,2025-10-12
13402c99-fa2f-48ef-8e83-a1b09c31fd4a,34f2ffc5-9bc8-4609-9e20-0ed369f02233,b33e4fc2-7e70-4d39-bad1-aa5204cec52a,1,After author general fish score parent.,2025-06-06
4aa0ddf7-6434-4744-a027-3e74ee128b42,a2a5f862-2063-4181-ae87-8a3ab5e029ed,c4411afa-95ed-4992-84c3-2e3f21c6c8e8,1,Our southern people simple newspaper.,2024-11-17
dd6dfc9a-3b7a-402b-8759-a24338f90b18,b4f1e211-57fb-4403-8b92-13ffffcc0c13,f6ca5664-591a-4e5a-ba54-b7d24f0696a4,4,May age its project mouth traditional.,2025-02-24
1d3eb34f-a13b-4605-9c7d-b064b8b3b7ae,b828b7f0-6263-455b-8eec-4962622acc1d,0e05577c-5096-470b-bf2f-31876e508315,1,Continue force land lawyer recently wonder everybody.,2025-08-18
8cdbcdf1-ad84-4487-8755-24bddc292c2e,d38bfe8f-2bad-4ce7-8114-2f83b58b2e5d,f0ef4afe-5e49-4587-9ef0-bd4c00394780,3,Also lot guess budget character news cause.,2025-03-29
333c1e9a-2dce-46db-a575-a2c88aad572b,a83dd71f-1f63-4687-a0d4-0ba11d21c59b,f89bc9be-2cb3-4064-8850-8d1330ead62c,2,House foot sea there.,2025-01-16
f1d94a48-dc35-4728-ac93-de0ab365b151,5ed02a43-345b-4537-9fac-5713e29e2157,3a1b3a1f-69e7-4297-8add-a61499a4750e,5,Agent floor than follow.,2025-10-29
ae12c178-9716-4116-882c-534598db2a22,612bb090-0b52-43a1-8ab2-827fe5a6dc1f,7a2bb4e1-b4d7-4ff0-bd60-934d6519a9db,5,Example require music number exactly claim husband alone.,2025-03-12
b5827af1-97ba-4567-9750-047b5d59c170,c351d300-512e-4d7b-b4cb-ee3ada7d2ad6,dcc1394f-f9d6-40ae-bc0b-166052d6dbb3,4,Wait day television eight discussion everybody others.,2025-05-14
ea55b425-727b-4df3-949a-9cd4d7439e41,a159097f-26e4-4d1e-9ff4-c7f753348d9f,a11052e4-a735-4755-b795-1c7a086db03d,2,Move cover head.,2024-12-16
52e4d14f-5181-486f-9156-1e3ede5e3f92,3231651d-a59b-45db-b4e1-3af8f42429fe,e139eab1-e201-48c6-a2e1-9afd1d84f046,5,Dream of star.,2025-07-25
0bebaabb-7279-432a-ab47-9896fabff47c,374f68a4-3cbc-4e60-8dec-1bff2dfcec88,f088fe16-c492-44c9-87ef-dccf0f6d8064,2,Him simple eat away why score just.,2025-06-27
45e0fcf6-76c6-4a26-ab9f-249ba16643b8,80953d7e-66bc-4df4-b71e-4154a1f123b3,f8029476-09a6-4e61-89ef-b67c20d4c520,4,The you part also onto bill network.,2025-10-07
ab332304-903d-4e54-bfe1-63daac7dfd3d,e97fbd2c-8c65-4a0e-a982-17377081a298,d047f77a-fc19-483a-8c04-a3e7295b1cc5,1,Investment million affect ten beyond.,2024-12-16
8e22a23b-3ffe-4743-b750-50d10a209f5e,33a63fcb-0e88-4c9a-9343-f8ccf131bddf,47c2ea2b-643d-45dd-bfe2-777f1f93a195,1,Artist school note vote there there eye.,2025-07-21
0687ffa3-d90a-46ff-9a25-07f36ec2b42b,a2a5f862-2063-4181-ae87-8a3ab5e029ed,474c3daa-a5c0-40db-b77b-5d55c6f315df,2,Animal hear man our.,2025-03-10
cc42ae68-82e1-41ba-aab0-8ff52a5bd6ac,5e7a2b3e-afac-45a9-bfd2-8e0ce804aa78,474c3daa-a5c0-40db-b77b-5d55c6f315df,5,Size evidence marriage something worker himself.,2025-03-01
a8e92201-37f9-43df-b900-ba9366ef1596,7d69c46f-51e7-46d7-91b9-0d3095894749,ceedc62d-5012-4e06-8301-ccc254ebec64,5,Foreign second into four your act parent theory.,2025-09-12
0b85cab8-aa24-400b-8f40-0efe9f5a4642,fef93a36-c640-4c65-8ed4-a4dc12f4ce72,46347c3d-2d23-47ab-8712-5ab7cd59d954,4,Building pressure happy opportunity.,2025-02-21
ca252a6e-4ba0-4348-9993-c0f77217f51b,9da1a0e1-5d9a-4a52-a1b8-4d4ca376c6ee,d17ddf15-ccc6-4dd7-b43f-e8e7201d09e9,1,Weight research involve attorney reality peace speech.,2025-02-09
4042f247-45f2-4d90-b8e0-290226f47d65,071c36a9-463c-4185-a124-73b3fd4377f8,861fd4dd-f3d4-4066-85a4-04369159a78b,5,Around catch them charge.,2025-11-07
39c5b204-3a97-4869-a9bf-52054ea95423,e8d295e0-398a-4cf4-a5cb-a8998f899741,6d012c43-3e22-4700-a4ca-cbfe4019f87a,3,Always stuff involve person glass public.,2025-10-06
f6397359-20cb-4436-b4ed-f41f1c7b8cdd,f530ac23-9739-4d0d-862b-78298fa44e36,6dc768e0-7f77-4efb-ab04-e56a2c14755a,2,Budget prove fact will prove moment.,2025-03-14
a6c63cef-29d6-4e50-94f9-059d30984776,72d1806a-ce3f-4f58-af05-555bcf07d8fb,01ec7ded-f7d7-4996-8eb4-2514b23883e0,3,Suddenly arm front.,2024-12-22
d6793c7a-9712-4ba5-9b6c-7b19377ab3ff,6c08cae2-2b3d-453e-b2a2-7fdfa2dce122,9d54565c-818b-44ec-85b1-67746fefacc0,3,Rule term parent much increase.,2025-04-20
2b2a0940-8750-42c5-9a75-90d136925e86,2c670f6c-f338-440d-bbca-9df839ccd8ba,20cd7f80-b550-4e8c-b0d7-4568db20e151,2,There measure guy.,2025-08-22
3c6bad04-77b2-4a43-8c3e-7c301c722ad9,66b9272f-1ca0-410b-8b5b-eea89d3ba148,2b6ee70d-061a-4c07-8e4a-f0690a0e479c,2,Image small focus but someone know social.,2025-01-16
34bb1f0a-11e5-48cb-a6eb-b96d695fa701,dc23b2fd-ae61-42ad-8441-7f0b52676d9c,570cbddb-b8ca-48bf-9227-2e333b67d23a,3,Couple chair a full worry.,2025-11-09
5bc6b9f3-e3ec-4e78-9c24-082c1109711a,f78090e4-82a2-4710-8e9d-0b2e7739fd11,f67b82b6-2d8e-4af8-a090-3bb026d09a05,5,Dark instead provide none boy direction test.,2025-09-17
1902bc23-a83b-4358-aed6-5ad0b5f8e445,f1e76a74-96de-48f1-9ff0-5abc7ed55438,b7a0ef87-56d0-4474-8c1b-d6cb87a26cb5,5,Exactly truth we hold series.,2025-03-23
6d78ff92-9aa2-4e62-aafc-6174774aba28,f530ac23-9739-4d0d-862b-78298fa44e36,5073c26b-b0af-4ead-a0d1-72732799fa2d,1,Organization with for interesting forget meeting conference.,2024-12-16
958e65c6-765e-42e2-9738-65499c47ca76,dca98c43-3d70-4cf5-8006-27dbfc660edc,6d44455a-2047-4e0d-aba0-88beb54df01e,4,Turn then color movie design boy.,2025-04-10
ab284dd9-6ca3-4d51-ac1e-f6d1ba864ba2,f7abca51-e4e2-403a-bd5e-b9006609fd8e,dcc1394f-f9d6-40ae-bc0b-166052d6dbb3,5,Nearly fund finally teacher lead easy.,2024-12-10
6e6a38e3-84f8-469d-aa2b-ac43deaaa815,6adb17b4-e26c-4c50-bd16-c972c070a5da,97280924-9215-420f-9b85-c5b7b753d03c,2,Than foot sister significant.,2025-06-26
08d2085e-6fb6-43fe-8e21-084573e8825b,5133aed4-5269-4a88-886c-0e7851c5e33e,bc8fd274-09f3-444c-9833-d4c0df31b880,2,Worker owner property direction kind.,2025-08-11
2e9750a7-1cd9-4b59-8d95-3c0eba8f96db,6c08cae2-2b3d-453e-b2a2-7fdfa2dce122,461c77a7-1dd6-4d33-bfc0-a68f73ebf53f,2,General well mother task.,2025-07-21
c80461ca-1d6c-4c29-a172-a297809d8427,9da1a0e1-5d9a-4a52-a1b8-4d4ca376c6ee,c1700bbc-7e4f-46cc-ad71-e16ee597d0e5,5,Allow ground season little.,2025-03-12
9f29fdf3-25d7-4b09-b7e5-c1ddff2623c4,071c36a9-463c-4185-a124-73b3fd4377f8,bb482335-4c5e-4d17-87d8-900b14d0385e,4,Finish real space painting.,2025-05-18
23b078a4-b2a3-4350-a53a-85603f538535,e1d28949-d64d-493f-bb48-22cb32cf5295,748937fc-29f1-4d06-87db-5a4cbac042d8,4,Buy camera gun.,2025-11-04
3fed00fd-07da-4b6c-a473-58e38c5ca172,fd424681-4575-4354-be21-130272aab5ff,2b6ee70d-061a-4c07-8e4a-f0690a0e479c,3,Threat sign market up rather.,2025-09-25
915bb63a-43b5-4a8f-975e-281ecc4b6e69,cdda952a-85c8-4877-b043-514046074892,5736c8f8-1713-40fb-8b05-ec43ed13fbe9,5,After open out low.,2025-04-16
bee235b8-e442-4d01-ab62-96282c405250,d38bfe8f-2bad-4ce7-8114-2f83b58b2e5d,4f300925-56a1-4f27-b3d0-e35c9870718b,2,Law discover building real and maybe community exist.,2025-05-28
fc461ef8-6dca-48d9-9ba0-2069379eaee8,15e1bfe4-839e-457b-b4bb-58e2efb4d3f7,3a1b3a1f-69e7-4297-8add-a61499a4750e,3,Test put front increase debate account.,2025-01-04
9da5f2f1-b5aa-44b9-9bc4-d8c7ccdad155,80953d7e-66bc-4df4-b71e-4154a1f123b3,4b73ef8d-d366-4cb6-aa17-6692070bb9d7,1,Respond blood Mr.,2025-04-05
84ff6d6d-711a-474a-bb8e-c77828f46e75,8e323f9b-64a8-493e-a31e-5e549c1bccd9,861fd4dd-f3d4-4066-85a4-04369159a78b,2,Society what police character executive.,2025-11-12
9ea2375e-459d-48df-ae0e-0b973606e9f0,66b9272f-1ca0-410b-8b5b-eea89d3ba148,ad0b48a7-ee19-4f76-89fb-7a946fb662bf,1,Nature weight both over.,2025-08-17
59588798-0c7e-45b6-b704-1f6a962f8a60,b54320f1-20f0-47d9-a48b-5a669dbd36fe,3b6c8fa8-6d98-41ef-8d09-8f2f4d937ed2,5,Yeah who artist standard idea.,2025-08-22
5eaa082a-db13-4610-a691-fc4b46b24091,1029c408-4271-4c60-b262-c2d3e42c1ed6,d220f2c6-29b7-4a29-8a31-ea589d41b68e,5,Too leader investment its surface.,2025-01-27
25d5b517-f1c4-4f0d-8a4e-81b3fd089d93,071c36a9-463c-4185-a124-73b3fd4377f8,5073c26b-b0af-4ead-a0d1-72732799fa2d,4,Carry stock authority second hand happy.,2025-11-01
12e248b5-7f69-43de-90c7-548ecaddfb9c,c0a5ac17-43ca-4972-91a8-e6b9f499a47f,a8e65210-006a-4975-bf5f-b54536ae1cac,2,Parent others sport commercial.,2025-08-01
77b4beee-842c-4998-8beb-fa123938e211,6078105f-da69-43c5-bc07-9c295825cf83,8de16c96-5739-48be-8369-6aa0a6c65043,1,Move protect culture question.,2025-07-08
d69ac9b1-ed43-41d9-93ea-0d5a8e87e752,4452a845-0ae1-4cbb-942e-53372bf96e0b,6c0deed3-9f37-4dcc-9147-edc54199a365,5,Responsibility try scientist.,2024-11-15
3e8e19f9-959f-410e-93dc-0ed0523323f6,4243f25f-cd41-43d3-afd7-e1d98be47189,b6855c89-9fa0-490e-989f-b98819cfdba5,3,Evening friend another such here stay.,2025-04-22
1c527835-75d2-49ca-a913-0481e5e311b5,9c5be33c-1a3f-4b36-88c1-0bcdfeeef5d1,2a0db37d-1d67-4cc6-b36b-fe6dba5dceb8,5,All think myself voice medical though ok live.,2025-06-28
04129621-9e90-413c-999e-47a9044c51dd,35a5fb65-7d96-4a7d-815e-8ba3b564d898,2020a446-eca5-48d5-bb05-8356b1fb2b17,1,Reflect health mind information.,2025-04-30
2d661121-a5cd-404e-ba0f-021f4dceaa30,dc23b2fd-ae61-42ad-8441-7f0b52676d9c,461c77a7-1dd6-4d33-bfc0-a68f73ebf53f,4,Race list situation court.,2025-02-21
2f05a663-f6a8-4d61-b36e-17c3eb914cff,82d853b1-880f-4f23-855c-04fb32047eb8,6dc768e0-7f77-4efb-ab04-e56a2c14755a,2,Kind choice day business prepare officer all.,2025-06-19
f9ff4eca-f06a-4c49-b767-d753b66e012f,9da1a0e1-5d9a-4a52-a1b8-4d4ca376c6ee,e7ac8d03-5975-4417-afa3-1bfe5a1aaae5,1,Chance effort word early forget important seat.,2025-02-18
6fbb4150-ee1f-4c53-91de-386c76d1ee22,c99300c2-69c6-460d-b12a-716483e22466,dde4f7ed-5c95-4c12-bb50-dacf394e6d42,2,Reality first start break discussion.,2025-03-10
67b608fc-a197-4b28-a328-77ea2633141e,476ad62b-5fe9-4cb8-a721-d086b4d47214,af32713f-5749-4b58-9e5e-927f2aa9b3d8,1,American any which.,2025-08-03
458275ef-4c6b-4d59-abfb-3ed69928af89,8edab34f-2277-41a9-99c5-4b3c920a01cf,0dbef814-582d-433a-88dd-342fd68c21d2,4,President street time past.,2025-05-30
5f1b82e1-59dd-42f2-b560-1a4d267559b9,071c36a9-463c-4185-a124-73b3fd4377f8,0cb6dc6e-c702-4cd1-9dab-919d5968a533,1,Particular reduce during.,2025-09-01
d60674ed-ea43-4fbf-9a21-019e8af12ecb,b4f1e211-57fb-4403-8b92-13ffffcc0c13,dd6f163a-0b00-44bb-b3fa-628817d14f68,3,Free knowledge PM news among common.,2025-05-27
36983985-fed5-4025-9a44-5fcae6b8e42c,dfcd0afd-3291-41a1-b467-0841b07b343e,af32713f-5749-4b58-9e5e-927f2aa9b3d8,3,Body some office hour range.,2025-10-12
9f28b0e0-d488-40f1-bc96-37bd18b6f4d9,ad4b7e4d-894d-4c46-bb4a-0047b27b4ded,d220f2c6-29b7-4a29-8a31-ea589d41b68e,1,Mention couple phone find might.,2025-05-08
0fba16a2-5bca-4994-a8af-36a06c6f8c54,5acd1ef2-a42c-4207-b63f-8fb85cb75910,b8bad9c9-46b1-4875-a2dd-98e363589d2a,3,Medical film be always hit.,2025-04-02
a1c3ecd6-d912-41e2-aa2d-25b026a4a876,50ec244a-7917-49e7-a28d-b3df2a0eca99,ea1b598b-3061-4cf1-850a-5096597a6ed3,5,Third story name just all near bring base.,2025-01-19
4d8f5e3a-9df4-4fac-8792-4ab1ca3a9a1e,dca98c43-3d70-4cf5-8006-27dbfc660edc,7c8e6455-5f7c-4143-95a2-e0ef3eedd13f,3,Woman vote everybody.,2025-03-26
56bef07e-b6c1-4150-82b4-1a72da2ca325,d2e5ab05-86fb-40b6-ba24-7b6d41f650dc,95a7df9b-bdc6-4813-9ffd-02aa5dc0e537,5,Rise three paper themselves think.,2025-06-12
5198fe7f-0f8f-413e-86ec-200ffc147a14,ad4b7e4d-894d-4c46-bb4a-0047b27b4ded,aaa9ea5d-045d-4c41-9087-0a958872a0f9,2,Lose remember mission concern.,2025-04-09
3b634295-ba10-4641-8ddf-64428c06bcb1,d2e5ab05-86fb-40b6-ba24-7b6d41f650dc,4107406b-16bb-456f-9107-7c7b7b749bd1,3,True research official example front.,2024-11-25
fe94eac2-e90d-4d28-aa4a-a34ac21cc016,3231651d-a59b-45db-b4e1-3af8f42429fe,2795e2ea-0515-4ad6-adeb-809a42117ca9,4,Week approach woman will.,2025-01-05
049cd501-13a0-40aa-8536-00194a396596,0720e8c0-9773-483f-b451-92ec2682e02a,70705888-15f2-4e16-8512-bb6147406c9d,3,Inside beat bank official wish everything.,2025-11-06
22827580-7759-4ebd-b19e-b462e85c095b,0720e8c0-9773-483f-b451-92ec2682e02a,0e05577c-5096-470b-bf2f-31876e508315,5,In member evening box.,2025-09-15
23003cb1-52a0-471c-9de3-0e3fd5e44f2c,65d038ab-7a4a-44ef-bf54-1a6de0e5b745,7d1bbd62-d536-4780-8b83-b490d78561ee,4,Carry sport quickly production improve last.,2025-06-28
da02ca98-562b-4b89-b757-ce8298883609,56757ed6-97ec-4c17-8fad-8e5f72c936d9,c6cc2e17-a0b6-4628-838a-4712dde6ffe6,5,Treat city customer natural picture happen.,2024-11-25
76c300ea-01f8-446e-9c48-b9b0eeae6acc,440159e8-dd7f-40b3-88ae-f8919fa5eddd,ab15c359-b55c-4fe7-a6a5-32cc74f66507,3,White though recent easy party describe.,2025-10-14
a2796d63-281b-4ea3-b3fe-7dc6cff2e996,441f530f-dff5-4a8f-ae3b-a3fc352284bb,9d54565c-818b-44ec-85b1-67746fefacc0,2,Respond able cut.,2025-03-18
1120da2a-e129-4983-9a43-cb4f3396e11c,58251612-7861-4774-8cf3-325744021066,5320c3ea-6fd1-4a30-bfee-acbfc277b94f,1,Compare subject tell use consumer.,2025-06-10
0c391924-e9cd-4493-9dd2-cccce70d42d8,15e1bfe4-839e-457b-b4bb-58e2efb4d3f7,48adeb93-523d-4407-846e-ab39fb8f9453,2,Behavior activity price agree build.,2025-09-19
21a44194-6adf-457d-b1ff-3791582a8a0d,e94eff49-2e30-45ea-994c-9cae2ec4f1e0,53ba7b0c-bba8-4be2-bf4a-a509bd35435e,5,His great peace along scientist.,2025-06-18
614dca86-b928-4f73-8fe6-cc722a2a1fc5,9f11b3ce-df51-44bc-ace2-3129cb6c0456,212d6520-8bdc-4908-aac1-dd61876e889d,4,Machine course find training.,2024-11-28
c1a4b526-2082-4d1f-81b6-8498188c5c08,b828b7f0-6263-455b-8eec-4962622acc1d,fb5d96ee-8fb9-4f6e-a822-f249c8eebadd,1,Find any answer generation.,2025-02-19
82d776d7-2195-4dfb-9e99-8a5e54357157,fd424681-4575-4354-be21-130272aab5ff,69c89ff4-1b24-490e-8466-cfa2613912c0,2,Power protect truth address have action day record.,2025-01-05
7dd769f4-aa6b-450a-94ff-3fd3d463f44e,f09ac36d-dc2c-411e-8b88-643dcf992a19,4b73ef8d-d366-4cb6-aa17-6692070bb9d7,2,Bit production analysis strong myself buy or.,2025-03-23
bd2a1c7f-9694-4e89-a17a-7095242aa7c5,04f544bf-cebd-4e58-82b4-8bfa819d415b,994314ec-dd3c-4f66-8439-07724dc7a119,5,Most fall actually result interesting.,2025-01-08
d9b0dc53-f868-4ac7-b5a4-bef3e8c4d012,21b48f68-0623-4c81-a2e3-2f32e7e99f5e,dde4f7ed-5c95-4c12-bb50-dacf394e6d42,2,Green common south.,2025-02-19
d29efb71-cfb7-4a60-b6d8-e8b16168637e,96f12964-b7e2-456c-9437-2481d44841b8,ac9070ac-6c6d-4789-9278-abf758649037,3,Fill little consider.,2025-01-19
51a4d514-a093-46c2-9b01-a7f3350b819a,845bb545-d082-4f5b-b22e-97f2df1677c2,d6d436cc-c331-4170-84da-1a7a18c4edf3,1,Improve six money leg.,2025-01-09
958f84bd-da72-4779-b6a4-13a2a5b393aa,b895ac2d-6670-4570-b9aa-4d326ed1fcf9,8de16c96-5739-48be-8369-6aa0a6c65043,5,Family simple decide Mr technology expert.,2025-06-30
d64990dd-2dd6-4558-a936-37db8665feee,3107f641-d099-4949-8679-34a6a92c1ad1,46347c3d-2d23-47ab-8712-5ab7cd59d954,4,Perhaps seek human beat home exist suffer.,2024-12-03
9a462879-5a7d-4ca6-82aa-b3a9257a7fca,2e3ceef8-1733-40ec-8ea7-d861a9edcd62,4b73ef8d-d366-4cb6-aa17-6692070bb9d7,1,Sort every feeling manager none.,2025-01-09
49eca1b8-9a98-41a9-a9c7-94a73f976054,55a53311-adaf-471e-8ec1-eaa9217730f3,10fba50b-16d6-4d57-8393-d01c5781d5e5,2,Between stand both information determine create.,2025-06-11
956f7527-e307-40ff-a948-6aac552409f8,dc23b2fd-ae61-42ad-8441-7f0b52676d9c,bf744caf-093c-429c-90b5-02e4879af717,4,Space hold international rise perhaps general treat.,2025-03-22
18c4f3e5-3128-4854-b991-a775037124f4,1029c408-4271-4c60-b262-c2d3e42c1ed6,f89bc9be-2cb3-4064-8850-8d1330ead62c,5,Ball always degree word.,2025-01-23
b61e5a7b-d29b-4765-9787-5e07ce960b74,00338233-50b5-4c85-992e-68257829c781,a11052e4-a735-4755-b795-1c7a086db03d,4,Need news rock while.,2025-06-11
2a87bde0-f82a-4116-9aa1-3cad9b4ca104,971b8b94-ae18-4d0d-b781-c3e45e33c9dc,7c7fdc6a-cd8d-42f4-a990-964e65b4b669,5,After everyone effect need just.,2025-07-03
